"Ref Date","Ref Day","Ref Month","Ref Week","Festival","Festive Category","Festive Position","Future Date","Future Day","Future Month","Future Week","Mapping Type","Score","Month Match","Weekday Match","Date Diff"
"01-Mar-2026","Sunday","March","10","Holi","Pre-Festive","-3","19-Mar-2027","Friday","March","12","Festival-to-Festival","1727","Yes","No","18"
"02-Mar-2026","Monday","March","10","Holi","Pre-Festive","-2","20-Mar-2027","Saturday","March","12","Festival-to-Festival","1727","Yes","No","18"
"03-Mar-2026","Tuesday","March","10","Holi","Pre-Festive","-1","21-Mar-2027","Sunday","March","13","Festival-to-Festival","1727","Yes","No","18"
"04-Mar-2026","Wednesday","March","10","Holi","Core Festive","0","22-Mar-2027","Monday","March","13","Festival-to-Festival","1727","Yes","No","18"
"05-Mar-2026","Thursday","March","10","Holi","Post-Festive","1","23-Mar-2027","Tuesday","March","13","Festival-to-Festival","1727","Yes","No","18"
"06-Mar-2026","Friday","March","10","Holi","Post-Festive","2","24-Mar-2027","Wednesday","March","13","Festival-to-Festival","1727","Yes","No","18"
"07-Mar-2026","Saturday","March","10","Holi","Post-Festive","3","25-Mar-2027","Thursday","March","13","Festival-to-Festival","1727","Yes","No","18"
"08-Mar-2026","Sunday","March","11","Holi","Post-Festive","4","26-Mar-2027","Friday","March","13","Festival-to-Festival","1727","Yes","No","18"
"09-Mar-2026","Monday","March","11","Holi","Post-Festive","5","27-Mar-2027","Saturday","March","13","Festival-to-Festival","1727","Yes","No","18"
"10-Mar-2026","Tuesday","March","11","Eid al-Fitr","Pre-Festive","-10","27-Feb-2027","Saturday","February","9","Festival-to-Festival","1534","No","No","-11"
"11-Mar-2026","Wednesday","March","11","Eid al-Fitr","Pre-Festive","-9","28-Feb-2027","Sunday","February","10","Festival-to-Festival","1534","No","No","-11"
"12-Mar-2026","Thursday","March","11","Eid al-Fitr","Pre-Festive","-8","01-Mar-2027","Monday","March","10","Festival-to-Festival","1734","Yes","No","-11"
"13-Mar-2026","Friday","March","11","Eid al-Fitr","Pre-Festive","-7","02-Mar-2027","Tuesday","March","10","Festival-to-Festival","1734","Yes","No","-11"
"14-Mar-2026","Saturday","March","11","Eid al-Fitr","Pre-Festive","-6","03-Mar-2027","Wednesday","March","10","Festival-to-Festival","1734","Yes","No","-11"
"15-Mar-2026","Sunday","March","12","Eid al-Fitr","Pre-Festive","-5","04-Mar-2027","Thursday","March","10","Festival-to-Festival","1734","Yes","No","-11"
"16-Mar-2026","Monday","March","12","Eid al-Fitr","Pre-Festive","-4","05-Mar-2027","Friday","March","10","Festival-to-Festival","1734","Yes","No","-11"
"17-Mar-2026","Tuesday","March","12","Eid al-Fitr","Pre-Festive","-3","06-Mar-2027","Saturday","March","10","Festival-to-Festival","1734","Yes","No","-11"
"18-Mar-2026","Wednesday","March","12","Eid al-Fitr","Pre-Festive","-2","07-Mar-2027","Sunday","March","11","Festival-to-Festival","1734","Yes","No","-11"
"19-Mar-2026","Thursday","March","12","Eid al-Fitr","Pre-Festive","-1","08-Mar-2027","Monday","March","11","Festival-to-Festival","1734","Yes","No","-11"
"20-Mar-2026","Friday","March","12","Eid al-Fitr","Core Festive","0","09-Mar-2027","Tuesday","March","11","Festival-to-Festival","1734","Yes","No","-11"
"21-Mar-2026","Saturday","March","12","Eid al-Fitr","Core Festive","1","10-Mar-2027","Wednesday","March","11","Festival-to-Festival","1734","Yes","No","-11"
"22-Mar-2026","Sunday","March","13","Eid al-Fitr","Core Festive","2","11-Mar-2027","Thursday","March","11","Festival-to-Festival","1734","Yes","No","-11"
"23-Mar-2026","Monday","March","13","Eid al-Fitr","Post-Festive","3","12-Mar-2027","Friday","March","11","Festival-to-Festival","1734","Yes","No","-11"
"24-Mar-2026","Tuesday","March","13","Eid al-Fitr","Post-Festive","4","13-Mar-2027","Saturday","March","11","Festival-to-Festival","1734","Yes","No","-11"
"25-Mar-2026","Wednesday","March","13","Eid al-Fitr","Post-Festive","5","14-Mar-2027","Sunday","March","12","Festival-to-Festival","1734","Yes","No","-11"
"26-Mar-2026","Thursday","March","13","Eid al-Fitr","Post-Festive","6","25-Feb-2027","Thursday","February","9","Previous Month + Same Weekday","116","No","Yes","-29"
"27-Mar-2026","Friday","March","13","Eid al-Fitr","Post-Festive","7","26-Feb-2027","Friday","February","9","Previous Month + Same Weekday","116","No","Yes","-29"
"28-Mar-2026","Saturday","March","13","","Non-Festive","","31-Mar-2027","Wednesday","March","14","Same Month + Nearest Weekday","242","Yes","No","3"
"29-Mar-2026","Sunday","March","14","","Non-Festive","","28-Mar-2027","Sunday","March","14","Same Month + Same Weekday","344","Yes","Yes","-1"
"30-Mar-2026","Monday","March","14","","Non-Festive","","29-Mar-2027","Monday","March","14","Same Month + Same Weekday","344","Yes","Yes","-1"
"31-Mar-2026","Tuesday","March","14","","Non-Festive","","30-Mar-2027","Tuesday","March","14","Same Month + Same Weekday","344","Yes","Yes","-1"
"01-Apr-2026","Wednesday","April","14","","Non-Festive","","30-Apr-2027","Friday","April","18","Same Month + Nearest Weekday","216","Yes","No","29"
"02-Apr-2026","Thursday","April","14","","Non-Festive","","01-Apr-2027","Thursday","April","14","Same Month + Same Weekday","344","Yes","Yes","-1"
"03-Apr-2026","Friday","April","14","","Non-Festive","","02-Apr-2027","Friday","April","14","Same Month + Same Weekday","344","Yes","Yes","-1"
"04-Apr-2026","Saturday","April","14","","Non-Festive","","03-Apr-2027","Saturday","April","14","Same Month + Same Weekday","344","Yes","Yes","-1"
"05-Apr-2026","Sunday","April","15","","Non-Festive","","04-Apr-2027","Sunday","April","15","Same Month + Same Weekday","344","Yes","Yes","-1"
"06-Apr-2026","Monday","April","15","","Non-Festive","","05-Apr-2027","Monday","April","15","Same Month + Same Weekday","344","Yes","Yes","-1"
"07-Apr-2026","Tuesday","April","15","","Non-Festive","","06-Apr-2027","Tuesday","April","15","Same Month + Same Weekday","344","Yes","Yes","-1"
"08-Apr-2026","Wednesday","April","15","","Non-Festive","","07-Apr-2027","Wednesday","April","15","Same Month + Same Weekday","344","Yes","Yes","-1"
"09-Apr-2026","Thursday","April","15","","Non-Festive","","08-Apr-2027","Thursday","April","15","Same Month + Same Weekday","344","Yes","Yes","-1"
"10-Apr-2026","Friday","April","15","","Non-Festive","","09-Apr-2027","Friday","April","15","Same Month + Same Weekday","344","Yes","Yes","-1"
"11-Apr-2026","Saturday","April","15","","Non-Festive","","10-Apr-2027","Saturday","April","15","Same Month + Same Weekday","344","Yes","Yes","-1"
"12-Apr-2026","Sunday","April","16","","Non-Festive","","11-Apr-2027","Sunday","April","16","Same Month + Same Weekday","344","Yes","Yes","-1"
"13-Apr-2026","Monday","April","16","","Non-Festive","","12-Apr-2027","Monday","April","16","Same Month + Same Weekday","344","Yes","Yes","-1"
"14-Apr-2026","Tuesday","April","16","","Non-Festive","","13-Apr-2027","Tuesday","April","16","Same Month + Same Weekday","344","Yes","Yes","-1"
"15-Apr-2026","Wednesday","April","16","","Non-Festive","","14-Apr-2027","Wednesday","April","16","Same Month + Same Weekday","344","Yes","Yes","-1"
"16-Apr-2026","Thursday","April","16","","Non-Festive","","15-Apr-2027","Thursday","April","16","Same Month + Same Weekday","344","Yes","Yes","-1"
"17-Apr-2026","Friday","April","16","","Non-Festive","","16-Apr-2027","Friday","April","16","Same Month + Same Weekday","344","Yes","Yes","-1"
"18-Apr-2026","Saturday","April","16","","Non-Festive","","17-Apr-2027","Saturday","April","16","Same Month + Same Weekday","344","Yes","Yes","-1"
"19-Apr-2026","Sunday","April","17","","Non-Festive","","18-Apr-2027","Sunday","April","17","Same Month + Same Weekday","344","Yes","Yes","-1"
"20-Apr-2026","Monday","April","17","","Non-Festive","","19-Apr-2027","Monday","April","17","Same Month + Same Weekday","344","Yes","Yes","-1"
"21-Apr-2026","Tuesday","April","17","","Non-Festive","","20-Apr-2027","Tuesday","April","17","Same Month + Same Weekday","344","Yes","Yes","-1"
"22-Apr-2026","Wednesday","April","17","","Non-Festive","","21-Apr-2027","Wednesday","April","17","Same Month + Same Weekday","344","Yes","Yes","-1"
"23-Apr-2026","Thursday","April","17","","Non-Festive","","22-Apr-2027","Thursday","April","17","Same Month + Same Weekday","344","Yes","Yes","-1"
"24-Apr-2026","Friday","April","17","","Non-Festive","","23-Apr-2027","Friday","April","17","Same Month + Same Weekday","344","Yes","Yes","-1"
"25-Apr-2026","Saturday","April","17","","Non-Festive","","24-Apr-2027","Saturday","April","17","Same Month + Same Weekday","344","Yes","Yes","-1"
"26-Apr-2026","Sunday","April","18","","Non-Festive","","25-Apr-2027","Sunday","April","18","Same Month + Same Weekday","344","Yes","Yes","-1"
"27-Apr-2026","Monday","April","18","","Non-Festive","","26-Apr-2027","Monday","April","18","Same Month + Same Weekday","344","Yes","Yes","-1"
"28-Apr-2026","Tuesday","April","18","","Non-Festive","","27-Apr-2027","Tuesday","April","18","Same Month + Same Weekday","344","Yes","Yes","-1"
"29-Apr-2026","Wednesday","April","18","","Non-Festive","","28-Apr-2027","Wednesday","April","18","Same Month + Same Weekday","344","Yes","Yes","-1"
"30-Apr-2026","Thursday","April","18","","Non-Festive","","29-Apr-2027","Thursday","April","18","Same Month + Same Weekday","344","Yes","Yes","-1"
"01-May-2026","Friday","May","18","","Non-Festive","","31-May-2027","Monday","May","23","Same Month + Nearest Weekday","215","Yes","No","30"
"02-May-2026","Saturday","May","18","","Non-Festive","","01-May-2027","Saturday","May","18","Same Month + Same Weekday","344","Yes","Yes","-1"
"03-May-2026","Sunday","May","19","","Non-Festive","","02-May-2027","Sunday","May","19","Same Month + Same Weekday","344","Yes","Yes","-1"
"04-May-2026","Monday","May","19","","Non-Festive","","03-May-2027","Monday","May","19","Same Month + Same Weekday","344","Yes","Yes","-1"
"05-May-2026","Tuesday","May","19","","Non-Festive","","04-May-2027","Tuesday","May","19","Same Month + Same Weekday","344","Yes","Yes","-1"
"06-May-2026","Wednesday","May","19","","Non-Festive","","05-May-2027","Wednesday","May","19","Same Month + Same Weekday","344","Yes","Yes","-1"
"07-May-2026","Thursday","May","19","","Non-Festive","","06-May-2027","Thursday","May","19","Same Month + Same Weekday","344","Yes","Yes","-1"
"08-May-2026","Friday","May","19","","Non-Festive","","07-May-2027","Friday","May","19","Same Month + Same Weekday","344","Yes","Yes","-1"
"09-May-2026","Saturday","May","19","","Non-Festive","","08-May-2027","Saturday","May","19","Same Month + Same Weekday","344","Yes","Yes","-1"
"10-May-2026","Sunday","May","20","","Non-Festive","","09-May-2027","Sunday","May","20","Same Month + Same Weekday","344","Yes","Yes","-1"
"11-May-2026","Monday","May","20","","Non-Festive","","10-May-2027","Monday","May","20","Same Month + Same Weekday","344","Yes","Yes","-1"
"12-May-2026","Tuesday","May","20","","Non-Festive","","11-May-2027","Tuesday","May","20","Same Month + Same Weekday","344","Yes","Yes","-1"
"13-May-2026","Wednesday","May","20","","Non-Festive","","12-May-2027","Wednesday","May","20","Same Month + Same Weekday","344","Yes","Yes","-1"
"14-May-2026","Thursday","May","20","","Non-Festive","","13-May-2027","Thursday","May","20","Same Month + Same Weekday","344","Yes","Yes","-1"
"15-May-2026","Friday","May","20","","Non-Festive","","14-May-2027","Friday","May","20","Same Month + Same Weekday","344","Yes","Yes","-1"
"16-May-2026","Saturday","May","20","","Non-Festive","","15-May-2027","Saturday","May","20","Same Month + Same Weekday","344","Yes","Yes","-1"
"17-May-2026","Sunday","May","21","","Non-Festive","","16-May-2027","Sunday","May","21","Same Month + Same Weekday","344","Yes","Yes","-1"
"18-May-2026","Monday","May","21","","Non-Festive","","17-May-2027","Monday","May","21","Same Month + Same Weekday","344","Yes","Yes","-1"
"19-May-2026","Tuesday","May","21","","Non-Festive","","18-May-2027","Tuesday","May","21","Same Month + Same Weekday","344","Yes","Yes","-1"
"20-May-2026","Wednesday","May","21","","Non-Festive","","19-May-2027","Wednesday","May","21","Same Month + Same Weekday","344","Yes","Yes","-1"
"21-May-2026","Thursday","May","21","","Non-Festive","","20-May-2027","Thursday","May","21","Same Month + Same Weekday","344","Yes","Yes","-1"
"22-May-2026","Friday","May","21","","Non-Festive","","21-May-2027","Friday","May","21","Same Month + Same Weekday","344","Yes","Yes","-1"
"23-May-2026","Saturday","May","21","","Non-Festive","","22-May-2027","Saturday","May","21","Same Month + Same Weekday","344","Yes","Yes","-1"
"24-May-2026","Sunday","May","22","","Non-Festive","","23-May-2027","Sunday","May","22","Same Month + Same Weekday","344","Yes","Yes","-1"
"25-May-2026","Monday","May","22","","Non-Festive","","24-May-2027","Monday","May","22","Same Month + Same Weekday","344","Yes","Yes","-1"
"26-May-2026","Tuesday","May","22","","Non-Festive","","25-May-2027","Tuesday","May","22","Same Month + Same Weekday","344","Yes","Yes","-1"
"27-May-2026","Wednesday","May","22","","Non-Festive","","26-May-2027","Wednesday","May","22","Same Month + Same Weekday","344","Yes","Yes","-1"
"28-May-2026","Thursday","May","22","","Non-Festive","","27-May-2027","Thursday","May","22","Same Month + Same Weekday","344","Yes","Yes","-1"
"29-May-2026","Friday","May","22","","Non-Festive","","28-May-2027","Friday","May","22","Same Month + Same Weekday","344","Yes","Yes","-1"
"30-May-2026","Saturday","May","22","","Non-Festive","","29-May-2027","Saturday","May","22","Same Month + Same Weekday","344","Yes","Yes","-1"
"31-May-2026","Sunday","May","23","","Non-Festive","","30-May-2027","Sunday","May","23","Same Month + Same Weekday","344","Yes","Yes","-1"
"01-Jun-2026","Monday","June","23","","Non-Festive","","30-Jun-2027","Wednesday","June","27","Same Month + Nearest Weekday","216","Yes","No","29"
"02-Jun-2026","Tuesday","June","23","","Non-Festive","","01-Jun-2027","Tuesday","June","23","Same Month + Same Weekday","344","Yes","Yes","-1"
"03-Jun-2026","Wednesday","June","23","","Non-Festive","","02-Jun-2027","Wednesday","June","23","Same Month + Same Weekday","344","Yes","Yes","-1"
"04-Jun-2026","Thursday","June","23","","Non-Festive","","03-Jun-2027","Thursday","June","23","Same Month + Same Weekday","344","Yes","Yes","-1"
"05-Jun-2026","Friday","June","23","","Non-Festive","","04-Jun-2027","Friday","June","23","Same Month + Same Weekday","344","Yes","Yes","-1"
"06-Jun-2026","Saturday","June","23","","Non-Festive","","05-Jun-2027","Saturday","June","23","Same Month + Same Weekday","344","Yes","Yes","-1"
"07-Jun-2026","Sunday","June","24","","Non-Festive","","06-Jun-2027","Sunday","June","24","Same Month + Same Weekday","344","Yes","Yes","-1"
"08-Jun-2026","Monday","June","24","","Non-Festive","","07-Jun-2027","Monday","June","24","Same Month + Same Weekday","344","Yes","Yes","-1"
"09-Jun-2026","Tuesday","June","24","","Non-Festive","","08-Jun-2027","Tuesday","June","24","Same Month + Same Weekday","344","Yes","Yes","-1"
"10-Jun-2026","Wednesday","June","24","","Non-Festive","","09-Jun-2027","Wednesday","June","24","Same Month + Same Weekday","344","Yes","Yes","-1"
"11-Jun-2026","Thursday","June","24","","Non-Festive","","10-Jun-2027","Thursday","June","24","Same Month + Same Weekday","344","Yes","Yes","-1"
"12-Jun-2026","Friday","June","24","","Non-Festive","","11-Jun-2027","Friday","June","24","Same Month + Same Weekday","344","Yes","Yes","-1"
"13-Jun-2026","Saturday","June","24","","Non-Festive","","12-Jun-2027","Saturday","June","24","Same Month + Same Weekday","344","Yes","Yes","-1"
"14-Jun-2026","Sunday","June","25","","Non-Festive","","13-Jun-2027","Sunday","June","25","Same Month + Same Weekday","344","Yes","Yes","-1"
"15-Jun-2026","Monday","June","25","","Non-Festive","","14-Jun-2027","Monday","June","25","Same Month + Same Weekday","344","Yes","Yes","-1"
"16-Jun-2026","Tuesday","June","25","","Non-Festive","","15-Jun-2027","Tuesday","June","25","Same Month + Same Weekday","344","Yes","Yes","-1"
"17-Jun-2026","Wednesday","June","25","","Non-Festive","","16-Jun-2027","Wednesday","June","25","Same Month + Same Weekday","344","Yes","Yes","-1"
"18-Jun-2026","Thursday","June","25","","Non-Festive","","17-Jun-2027","Thursday","June","25","Same Month + Same Weekday","344","Yes","Yes","-1"
"19-Jun-2026","Friday","June","25","","Non-Festive","","18-Jun-2027","Friday","June","25","Same Month + Same Weekday","344","Yes","Yes","-1"
"20-Jun-2026","Saturday","June","25","","Non-Festive","","19-Jun-2027","Saturday","June","25","Same Month + Same Weekday","344","Yes","Yes","-1"
"21-Jun-2026","Sunday","June","26","","Non-Festive","","20-Jun-2027","Sunday","June","26","Same Month + Same Weekday","344","Yes","Yes","-1"
"22-Jun-2026","Monday","June","26","","Non-Festive","","21-Jun-2027","Monday","June","26","Same Month + Same Weekday","344","Yes","Yes","-1"
"23-Jun-2026","Tuesday","June","26","","Non-Festive","","22-Jun-2027","Tuesday","June","26","Same Month + Same Weekday","344","Yes","Yes","-1"
"24-Jun-2026","Wednesday","June","26","","Non-Festive","","23-Jun-2027","Wednesday","June","26","Same Month + Same Weekday","344","Yes","Yes","-1"
"25-Jun-2026","Thursday","June","26","","Non-Festive","","24-Jun-2027","Thursday","June","26","Same Month + Same Weekday","344","Yes","Yes","-1"
"26-Jun-2026","Friday","June","26","","Non-Festive","","25-Jun-2027","Friday","June","26","Same Month + Same Weekday","344","Yes","Yes","-1"
"27-Jun-2026","Saturday","June","26","","Non-Festive","","26-Jun-2027","Saturday","June","26","Same Month + Same Weekday","344","Yes","Yes","-1"
"28-Jun-2026","Sunday","June","27","","Non-Festive","","27-Jun-2027","Sunday","June","27","Same Month + Same Weekday","344","Yes","Yes","-1"
"29-Jun-2026","Monday","June","27","","Non-Festive","","28-Jun-2027","Monday","June","27","Same Month + Same Weekday","344","Yes","Yes","-1"
"30-Jun-2026","Tuesday","June","27","","Non-Festive","","29-Jun-2027","Tuesday","June","27","Same Month + Same Weekday","344","Yes","Yes","-1"
