DIVISION,FY19-20,FY20-21,FY21-22,FY22-23,FY23-24,FY24-25,FY25-26,CAGR_6Y
MENS,122.69,91.59,128.88,174.94,0.0,295.17,402.63,21.90349602591826
KIDS,92.49,72.42,98.09,136.56,0.0,214.41,301.5,21.767696223018174
LADIES,82.27,63.59,87.5,117.9,0.0,206.18,291.08,23.441676530202614
HOUSEHOLD,19.97,14.01,20.58,35.13,0.0,50.64,59.87,20.0803280087114
LIFESTYLE,17.03,13.28,19.33,27.31,0.0,39.1,56.52,22.132501084605405
HOME FURNISHING,9.51,7.19,10.36,14.55,0.0,27.26,37.83,25.875914103034003
NON FOOD,2.85,1.58,3.83,8.13,0.0,19.44,27.13,45.57970074067696
FOOTWEAR,9.73,7.26,10.14,14.86,0.0,22.44,26.35,18.062315491038806
SPORTS  & TOYS,6.9,5.64,7.07,10.65,0.0,15.69,21.51,20.86444253275721
TRAVEL ACCESSORIES,5.13,3.09,4.53,7.97,0.0,9.59,13.37,17.31017257787788
RETAIL,1.98,3.36,7.04,8.29,0.0,11.35,12.56,36.0569532597822
STATIONERY,1.55,1.17,1.7,3.53,0.0,6.26,9.05,34.18979214056732
DND,0.0,0.0,0.0,0.0,0.0,0.42,0.84,
CONSIGNMENT,0.0,0.0,0.0,0.03,0.0,1.07,0.21,
FIXED ASSETS,0.0,0.03,0.0,0.3,0.0,0.06,0.06,
NON-TRADING,0.0,0.02,0.01,0.05,0.0,0.0,0.03,
CDIT,0.61,0.14,0.11,0.04,0.0,0.35,0.02,-43.42602509956236
